,Restaurant Name,Restaurant Cuisine,Restaurant Rating,Restaurant Delivery Time,Restaurant Distance,Discount,Promo,Images
0,Lucky Cafe - North Canal Road,"Chinese, Noodles, Western, Filipino",4.3,30 mins,1.6 km,,False,https://food-cms.grab.com/compressed_webp/merchants/4-CZDWARLXDBJYKE/hero/67a9ec9da44e49aa8e7042e8a9dff860_1588835556299839244.webp
1,Eat Bar - South Bridge Road,"Western, Chinese, Local & Malaysian",4.2,30 mins,1.3 km,Free Delivery (Min. spend S$20) with GrabUnlimited,True,https://food-cms.grab.com/compressed_webp/merchants/4-C4NBHA5KRYCYJE/hero/867bfbeacd2f4a7f86dc0d4bb2e540ce_1698203132044072519.webp
2,Hot Shotz - Canton Street,"Western, Snack",4.5,30 mins,1.5 km,,True,https://food-cms.grab.com/compressed_webp/merchants/4-C3UHAXDTJBDEGN/hero/8f721ac29c884b39885ab1adb37ec3c6_1665111689146191695.webp
3,SF Fruits & Juices - Fullerton Waterboat House,"Healthy, Drinks & Beverages, Fresh Produce",4.3,30 mins,1.8 km,,False,https://food-cms.grab.com/compressed_webp/merchants/4-C4MDVPMAFGAJUE/hero/f46722ef8eb44d39a2b201efa20c4914_1696402075287957203.webp
4,uMart@BoatQuay - Lorong Telok,"Alcohol, Snacks, Groceries, Convenience, Drinks & Beverages",4.7,20 mins,1.4 km,30% off storewide T&C apply.,True,https://food-cms.grab.com/compressed_webp/merchants/4-C4DUNYMVBAL2FA/hero/c909b3ceb41f45ccbc22d68cf4b35223_1687168584666748724.webp
5,uBooze@BoatQuay - Lorong Telok,"Alcohol, Snacks, Beer, Convenience, Drinks & Beverages",4.3,20 mins,1.5 km,30% off storewide T&C apply.,True,https://food-cms.grab.com/compressed_webp/merchants/4-C4DUNYMVAUW2NT/hero/06721da861df4e9fa9f167aba9deae7f_1687169005933947039.webp
6,Burger King - Boat Quay,"Burgers, Fast Food",5,25 mins,1.5 km,,False,https://food-cms.grab.com/compressed_webp/merchants/4-C6K3LLJBMFKZCT/hero/c1cd7fe27ff742d5a4bf4dd216b9a3a2_1714530917680052066.webp
7,McDonald's - Boat Quay,"Burger, Fast Food, Halal",4.2,20 mins,1.5 km,S$0.20 off on selected items,True,https://food-cms.grab.com/compressed_webp/merchants/SGDD04944/hero/d2447ac38a2541769b115b2a1d25291d_1677816675499200090.webp
8,Dabao Bento - High Street Plaza,"Japanese, Bento, Fried Chicken",4.5,25 mins,  1 km,,True,https://food-cms.grab.com/compressed_webp/merchants/4-C4BFVF3DCBDUCE/hero/ac5c8cbd-afd1-441e-adcb-4606544a4272__store_cover__2023__05__05__12__05__58.webp
9,LaPasta - High Street Plaza,"Italian, Pasta",4.8,25 mins,  1 km,"20% off storewide, min spend S$20. T&C apply.",True,https://food-cms.grab.com/compressed_webp/merchants/4-C4BFUFV3JAMCRE/hero/b8395813-f426-48bc-985e-b221a6e87654__store_cover__2023__05__05__12__03__15.webp
10,Fat Bao Bao - High Street Plaza,"Local & Malaysian, Snack",4.5,20 mins,  1 km,,True,https://food-cms.grab.com/compressed_webp/merchants/4-C3X1VRMCLN6WVX/hero/ac3684d5-20ce-4095-bd47-560ab590bd87__store_cover__2023__05__05__12__09__39.webp
11,JonesMart - High Street Plaza,"Alcohol, Beverages, Convenience, Mart, Islandwide Delivery",4.8,65 mins,0.5 km,,False,https://food-cms.grab.com/compressed_webp/merchants/4-C2THARCHMENDVT/hero/d8c316ab8be2473dbdb5fbd757e93d71_1620703847662082289.webp
12,Sinfonia Ristorante - Victoria Memorial Hall,Italian,4,20 mins,0.1 km,,False,https://food-cms.grab.com/compressed_webp/merchants/4-C2TYVGBWUFVVHA/hero/5707921440f04a85a850a8ac83979c55_1629085444905478471.webp
13,Tribe Restaurant - Old Parliament House,"Western, Burgers",5,20 mins,0.1 km,,False,https://food-cms.grab.com/compressed_webp/merchants/4-CZDCKELAENM3NA/hero/ae25a90b9aae4b7e99001d73ab0324fd_1586249143681878859.webp
14,Empress - Asian Civilisations Museum,"Chinese, Local & Malaysian, Seafood",5,25 mins,0.1 km,,False,https://food-cms.grab.com/compressed_webp/merchants/4-CZDTEXAWGTMYLE/hero/7f4aa98427a34d3788e8bc3e3e6c34b3_1600657385311287218.webp
15,Picotin - Waterboat House,"Western, Drinks & Beverages, Pizza, Pasta, Snack",,25 mins,1.9 km,,False,https://food-cms.grab.com/compressed_webp/merchants/4-C4DALB43TY2WCJ/hero/94c53e649fad42848cc0c60e30423826_1686050778873730126.webp
16,The Fullerton Hotel Singapore Festive Store - The Fullerton Hotel,Mart,5,30 mins,  2 km,,False,https://food-cms.grab.com/compressed_webp/merchants/4-C3TCA352NN3GCA/hero/f1f9ee25dda049e68ba791e13ceeb0a0_1660271167943234139.webp
17,SF Farm Mart - The Fullerton Waterboat House,"Mart, Groceries",4.1,30 mins,1.8 km,,False,https://food-cms.grab.com/compressed_webp/merchants/4-CZKXEEBHJ3XDNJ/hero/12611f129f3743ae9c023d5f11b3bbb0_1593422840239833283.webp
18,Tandoori Zaika - 70 Boat Quay,"Indian, Salad, Seafood, Vegetarian Friendly",4.3,35 mins,1.5 km,,False,https://food-cms.grab.com/compressed_webp/merchants/4-CZD3LRMAWEKVLJ/hero/f16271f786a24ce7a0ce8486115202d8_1627296644855750291.webp
19,The Salad Shop - UOB Plaza 2,"Vegetarian Friendly, Salad, Healthy, Vegan, Group Friendly",4.4,40 mins,1.6 km,,False,https://food-cms.grab.com/compressed_webp/merchants/4-C2VKKAVDLEXCA6/hero/c117acbb9cdd41d8bb271e27ada4cc2c_1630487838875622884.webp
20,Indian House/Dumpukht Grills & Curry - Boat Quay,"Indian, Vegetarian Friendly, Seafood",3.4,25 mins,1.5 km,,False,https://food-cms.grab.com/compressed_webp/merchants/SGDD07393/hero/f54422da75504e9f96c5dd7419fe71da_1682666212276836527.webp
21,Shangdong Restaurant - Boat Quay,"Chinese, Dim Sum, Seafood",4,35 mins,1.5 km,,False,https://food-cms.grab.com/compressed_webp/merchants/4-CZEXJE2USE4HJN/hero/b28c4b6db6d144948650d23f9a33192d_1589441315313311413.webp
22,Dum Pukht Curry - Boat Quay,"Indian, Local & Malaysian, Seafood",3.8,35 mins,1.5 km,,False,https://food-cms.grab.com/compressed_webp/merchants/4-CZACRXVZNJMETT/hero/844cc5b3407740eebe3a30e513849d74_1580275260092443877.webp
23,Surrey Hills Deli - Battery Road,"Coffee & Tea, Western, Breakfast & Brunch, Seafood, Snack",5,35 mins,1.6 km,,False,https://food-cms.grab.com/compressed_webp/merchants/4-C4EUGETXNZEJJA/hero/082f8878255e443dad2d25d651c7bc73_1689131280927155945.webp
24,Starbucks - Battery Road,"Coffee & Tea, Bakery & Cake, Drinks & Beverages",3.7,35 mins,1.8 km,Free Delivery (Min. spend S$25) with GrabUnlimited,True,https://food-cms.grab.com/compressed_webp/merchants/4-C3XWLKDXEKKUJA/hero/75c46e99915e4ba299f64071b9c93e18_1710522252703835893.webp
25,BQ Bar - Boat Quay,"BBQ & Grill, Western, Salad",5,25 mins,1.6 km,,False,https://food-cms.grab.com/compressed_webp/merchants/4-CZNFGN3GT3UYJN/hero/fdc9c333740b4ecb9f23a80efa6feb9e_1598541935590944612.webp
26,Biryani Bae - Boat Quay,"Indian, Dessert, Drinks & Beverages",3.2,25 mins,1.5 km,,False,https://food-cms.grab.com/compressed_webp/merchants/4-CZLGVPX1WAB2WE/hero/d6e9d54ec9a2423f970e50172c4a43da_1594695527475491179.webp
27,Kinara - Boat Quay,"Indian, Vegetarian, Seafood, Salad, Drinks & Beverages",3.9,30 mins,1.5 km,,False,https://food-cms.grab.com/compressed_webp/merchants/SGDD00657/hero/60acada102c446c699103a31b7f9ac20_1560743531458013984.webp
28,Sahara Bar & Restaurant - 58 Boat Quay,"Middle Eastern, Western",3.7,25 mins,1.5 km,,False,https://food-cms.grab.com/compressed_webp/merchants/SGDD01002/hero/86fc15f26e31498d83e7592dee04bc47_1605089391573201020.webp
29,Tong Fu Ju - 50 Boat Quay,"Chinese, Seafood, Noodles",4.6,30 mins,1.6 km,,False,https://food-cms.grab.com/compressed_webp/merchants/SGDD01175/hero/upload-photo-Hero_Photo_c6fb468e8f784969ab6c047a1af94f6a_1555562237850007338.webp
30,Sahara Bar & Restaurant - 58 Boat Quay,"Middle Eastern, Western",3.7,25 mins,1.5 km,,False,https://food-cms.grab.com/compressed_webp/merchants/SGDD01002/hero/86fc15f26e31498d83e7592dee04bc47_1605089391573201020.webp
31,Tong Fu Ju - 50 Boat Quay,"Chinese, Seafood, Noodles",4.6,30 mins,1.6 km,,False,https://food-cms.grab.com/compressed_webp/merchants/SGDD01175/hero/upload-photo-Hero_Photo_c6fb468e8f784969ab6c047a1af94f6a_1555562237850007338.webp
32,Three Amigos Mexican and Indian - Boat Quay,"Indian, Western, Mexican, Pizza, Islandwide Delivery",3.7,93 mins,1.4 km,,False,https://food-cms.grab.com/compressed_webp/merchants/4-C3THEFNCC3EXTJ/hero/8eddd310e2e04161a8496f37eeea6542_1660721582278765898.webp
33,Sultan Palace Turkish & Lebanese Cuisine - 73 Boat Quay,"Indian, Middle Eastern, Salad, Seafood, Pizza",3.9,35 mins,1.4 km,,False,https://food-cms.grab.com/compressed_webp/merchants/4-C3W2TJE3ANKWJA/hero/d7b4c3b3743f43fb9678f2988fd2b597_1687407071457669240.webp
34,Curry Home - Boat Quay,"Indian, Vegetarian Friendly, Fried Chicken",5,30 mins,1.5 km,,False,https://food-cms.grab.com/compressed_webp/merchants/4-CZM3CECKKFECEA/hero/358e6c39c6ee4642bf1353c04f76aaec_1597918350604516798.webp
35,Maharaja Palace - Boat Quay,"Indian, Seafood, Drinks & Beverages",,25 mins,1.4 km,,False,https://food-cms.grab.com/compressed_webp/merchants/4-C6LVLKKTL6LBV2/hero/739b2f9e032b4866a743f93bce58c1ae_1715316417201384856.webp
36,Indian House - Boat Quay,"Fried Chicken, Indian, Vegetarian Friendly",4.1,55 mins,1.6 km,,True,https://food-cms.grab.com/compressed_webp/merchants/4-CZLCNULFTNVKEN/hero/2ec3404bfb9e4d5c92fe93ffb1c331b7_1596103096346870884.webp
37,Bombay Kitchen - Indian And Mexican Cuisine - Boat Quay,"Indian, Mexican, Vegetarian Friendly, Alcohol",,30 mins,1.4 km,,False,https://food-cms.grab.com/compressed_webp/merchants/4-C6CHAK2DVKBDLJ/hero/14458be50a894cbd8b4e5fe29b0ee5aa_1705118932684472002.webp
38,Shrimp Prawn Seafood - Boat Quay,"Thai, Seafood, BBQ & Grill",3,30 mins,1.6 km,,False,https://food-cms.grab.com/compressed_webp/merchants/4-C6EATNDTCXCYPE/hero/4c15f569574b458a8f9e3a8cefe39b19_1710212696733678361.webp
39,Rubato - Boat Quay,"Italian, Pizza, Steak, Pasta",,30 mins,1.5 km,,False,https://food-cms.grab.com/compressed_webp/merchants/4-C25FDBVTE3MTNA/hero/e1569808902e4ddf9da5ff83b5e92541_1636518650378187508.webp
40,Tuca Restaurant - Boat Quay,"Italian, Pasta, Pizza, Spanish",4.1,30 mins,1.7 km,,False,https://food-cms.grab.com/compressed_webp/merchants/4-C2CVJPVCWCCKME/hero/2d481ce275a64752821243e15d256a2f_1647929111323084111.webp
41,Haldi - The Taste of India - 61 Boat Quay,Indian,4,35 mins,1.5 km,,True,https://food-cms.grab.com/compressed_webp/merchants/4-C3JKPEECPFKDJT/hero/ed2f0b1f-832e-46ba-9ecd-e83a203b5a54__store_cover__2023__04__07__05__04__06.webp
42,Kaayaloram Kerala Restaurant - Boat Quay,"Local & Malaysian, Indian, Vegetarian Friendly",4,25 mins,1.4 km,,False,https://food-cms.grab.com/compressed_webp/merchants/4-C2M3GP62N8N3BA/hero/bb14805518ca4252bd090fa66a011a9f_1631083647819127617.webp
43,Vespetta Italian Restaurant - 40 Boat Quay,"Italian, Pizza, Pasta, Dessert, Western",3.7,35 mins,1.6 km,,False,https://food-cms.grab.com/compressed_webp/merchants/SGDD01246/hero/c00694c1ba094410be06887e49e5430d_1631186939598388809.webp
44,Pilcrow - Boat Quay Conservation Area,"Western, Pizza, Dessert",,25 mins,1.5 km,,False,https://food-cms.grab.com/compressed_webp/merchants/4-C3K3ATAUNXTXNX/hero/0a0250133a6746cbbe86b9f06218e3a7_1653904011798100447.webp
45,Briyani Hut - Boat Quay,"Indian, Fried Chicken, Local & Malaysian",4.3,30 mins,1.5 km,,True,https://food-cms.grab.com/compressed_webp/merchants/4-C32KFE3EFB31T2/hero/4c5c7e6179814958a36ae6dbfd919b14_1672109722080266968.webp
46,Mr Tandoor - Boat Quay,"Indian, Biryani, Chinese cuisine, Curry",4.3,30 mins,1.5 km,,True,https://food-cms.grab.com/compressed_webp/merchants/4-C32KFE3EET3HAX/hero/a3101942d7914fc9ab0ac550792af4dd_1672109426943851523.webp
47,Boat Quay Mix & Match,"Fried Chicken, Indian, Western, Chinese",4.1,25 mins,1.6 km,,False,https://food-cms.grab.com/compressed_webp/merchants/4-CZN1FBMZSE2FTJ/hero/ef1391ec556e4d6384431020780f433f_1599728453677278542.webp
48,Harvest Seafood Restaurant - Boat Quay,"Zi Char, Seafood, Alcohol",,25 mins,1.7 km,,False,https://food-cms.grab.com/compressed_webp/merchants/4-C6DATXDGJFXYC6/hero/691f3bfc90c84027beba41462edcc7b1_1706087760993511938.webp
49,Harry's - Boat Quay,"Western, Burgers, Alcohol",4,35 mins,1.7 km,,False,https://food-cms.grab.com/compressed_webp/merchants/SGDD06424/hero/0d4d287e89a846448d8e373935beccf9_1636604809051309532.webp
50,Pasta Fresca Da Salvatore - Boat Quay,"Italian, Pizza",4.1,30 mins,1.7 km,,False,https://food-cms.grab.com/compressed_webp/merchants/SGDD11354/hero/45cc7d6897a9434994c837ecd1ca332c_1596611082893329589.webp
51,George Town Tze Char And Craft Beer - Boat Quay,"Chinese, Local & Malaysian, Seafood",4.2,30 mins,1.4 km,,False,https://food-cms.grab.com/compressed_webp/merchants/4-C2TCWAECAGL3LT/hero/586282fc39d245e38c6002e920fa076e_1627455263622296301.webp
52,Ronin - Boat Quay,"Local & Malaysian, Snack, Drinks & Beverages",,25 mins,1.6 km,,False,https://food-cms.grab.com/compressed_webp/merchants/4-C3TVJGAJSA3HN6/hero/6e091d3b75c94deb92d1cc2a45d0a49c_1665711348544321988.webp
53,Curry Village - Authentic North Indian Cuisine,"Indian, Noodles, Drinks & Beverages, Seafood, Indonesian",3.6,119 min,1.7 km,,False,https://food-cms.grab.com/compressed_webp/merchants/4-CZJVNT5XJ7V3TA/hero/0e938d82e51c440f8d011dac3c9074ce_1591601789869024080.webp
54,Curry Village-Authentic North Indian Cuisine - Boat Quay,Indian,3.8,25 mins,1.7 km,,True,https://food-cms.grab.com/compressed_webp/merchants/4-C26KKB5KJRAKGX/hero/3ff9b7207e034c46b97d7ea266935c12_1638948769565064249.webp
55,Khushboo – The Fragrance of India - Boat Quay,"Indian, Seafood, Noodles, Vegetarian Friendly, Drinks & Beverages",3.7,30 mins,1.7 km,,True,https://food-cms.grab.com/compressed_webp/merchants/4-CZD3LRMKDETDSE/hero/614a9050347c454f8e02643371f55ad6_1591061813683996028.webp
56,1826 - Boat Quay,Coffee & Tea,5,35 mins,1.7 km,,False,https://food-cms.grab.com/compressed_webp/merchants/4-C22GRBMCGBBCCT/hero/68e61734c9304852988a8d247c139cc7_1631513078983969870.webp
57,Shahi Maharaja - Boat Quay,"Bakery & Cake, Breakfast & Brunch, BBQ & Grill, Bento, Drinks & Beverages",4.1,30 mins,1.6 km,,True,https://food-cms.grab.com/compressed_webp/merchants/4-C4D3DEU1T3LYDA/hero/c15bc11ed2de4f7f838c9849e314dc69_1688378874210050441.webp
58,Mirch Masalah - Boat Quay,Indian,3.3,75 mins,1.7 km,,False,https://food-cms.grab.com/compressed_webp/merchants/4-C2JFWEUWEKLFAT/hero/000ec8415d774b71b9fa275bd7b9c75f_1622695172908530657.webp
59,Dark Horse - Boat Quay,"Kids Friendly, Japanese, Drinks & Beverages, BBQ & Grill, Seafood",3,30 mins,1.7 km,,False,https://food-cms.grab.com/compressed_webp/merchants/4-C2THEBB3LJCZWA/hero/f861ad59481a42639a98aa5587049085_1627266890255641905.webp
60,Anjana Kitchen - Six Battery Road,"Indian, Noodles, Breakfast & Brunch",3.6,30 mins,1.8 km,,False,https://food-cms.grab.com/compressed_webp/merchants/4-C6AXGAXGGYL2CT/hero/0e878a7afea447dca06666f5044f9bc8_1702276165510033328.webp
61,Bombay Kitchen - North Indian And Mexican Cuisine - Boat Quay,"Indian, Mexican, Vegetarian Friendly, Alcohol",2,60 mins,1.4 km,,False,https://food-cms.grab.com/compressed_webp/merchants/4-C6CHAK2DT6MGC6/hero/09d704faca5e4428baf7e451c550e43b_1704786987520496689.webp
62,Mellow North Indian and Mexican Cuisine - Boat Quay,"Indian, Mexican, Bento",,85 mins,1.4 km,,False,
63,Mellow-Indian And Mexican Cuisine - Boat Quay,"Indian, Mexican, Bento",4,25 mins,1.3 km,,False,
64,Jidai - Circular Road,"Japanese, Ramen, Seafood",,25 mins,1.5 km,,False,
65,Bistro Aseana - One Fullerton,"Indonesian, Snack, Bubble Tea",3.8,25 mins,1.8 km,,False,
66,Flame On - Circular Road,"BBQ & Grill, Local & Malaysian, Seafood",,25 mins,1.4 km,,False,
67,Viet'Spice - Hương vị Việt - Circular Road,"Vietnamese, Salad, Seafood, Noodles, Drinks & Beverages",3.7,30 mins,1.4 km,,True,
68,Tai Shi Ke - Circular Road,"Chinese, Noodles, Drinks & Beverages, Bubble Tea",,25 mins,1.4 km,,False,
69,Delhi6 - Circular Road,"Indian, Vegetarian Friendly",3.7,30 mins,1.6 km,,False,
70,Szechwings - Circular Road,"Snack, Fried Chicken, Chinese, Zi Char",,25 mins,1.4 km,,False,
71,Bon Bush - Circular Road,"Western, Steak, Pasta",,25 mins,1.6 km,,False,
72,PS.Cafe - One Fullerton,"Local & Malaysian, Pasta, Coffee & Tea",4,35 mins,3.3 km,,False,
73,Tom Yum Kung Fu - Boat Quay,"Thai, Salad, Dessert",4.2,25 mins,1.4 km,,False,
74,MOS Burger - One Fullerton,"Fast Food, Burger, Snack",3.9,30 mins,1.8 km,Free Delivery (Min. spend S$25) with GrabUnlimited,True,
75,Jangsu Korean Restaurant - Circular Road,"Noodles, Korean",4.3,30 mins,1.4 km,,False,
76,#Foodcoholic - 40 Circular Road,"Western, Pizza, Indian, Burgers",4.2,30 mins,1.6 km,,False,
77,Quay House - Circular Road,"Thai, Local & Malaysian, Healthy",,25 mins,1.7 km,,False,
78,Los Amigos Taqueria - Circular Road,"Mexican, BBQ & Grill, Western",2.8,30 mins,1.4 km,,False,
79,Wild Child Pizzette - Circular Road,Pizza,4.3,35 mins,1.6 km,,False,
80,Dumpling Darlings - Circular Road,"Noodles, Chinese, Local & Malaysian",4.6,30 mins,1.4 km,,False,
81,Hermano By Sleeping Giants - Circular Road,"Western, Pizza",1,25 mins,1.4 km,,False,
82,The Mask - Circular Road,"Mexican, Indian",3.6,30 mins,1.5 km,,False,
83,KS Chicken - One Fullerton,"Fried Chicken, Korean, Drinks & Beverages",,40 mins,3.3 km,KS Chicken 20% Menu Wide,True,
84,Drunk Skunk - Circular Road,"Western, Pizza, Snack, Indian, Pasta",,25 mins,1.7 km,,False,
85,Yatagarasu - Circular Road,"Japanese, Fried Chicken, BBQ & Grill",4.8,25 mins,1.7 km,,False,
86,issho izakaya - One Fullerton,"Bento, Japanese, Drinks & Beverages, Sushi, Group Friendly",,30 mins,3.3 km,,False,
87,Hello Korean Bbq - Circular Road,"BBQ & Grill, Korean",4.4,30 mins,1.6 km,,False,
88,Aroy-Dee Thai Kitchen - Boat Quay,Thai,4.2,30 mins,1.5 km,,False,
89,The Hitsuji Club - Circular Road,"Bento, Japanese, BBQ & Grill",5,25 mins,1.6 km,,False,
90,Kim's Singapore Bistro - Boat Quay Conservation Area,"Vegetarian Friendly, BBQ & Grill, Zi Char, Bubble Tea, Chinese",4.1,25 mins,1.7 km,,False,
91,Bytes Station - Raffles MRT Station,"Western, Bakery & Cake, Breakfast, Drinks & Beverages",5,30 mins,1.7 km,,False,
92,National Kitchen by Violet Oon - National Gallery,"Bento, MICHELIN Plate, Local & Malaysian, Group Friendly",4.4,35 mins,1.3 km,,False,
93,Dzan's Corner - South Bridge Road,"Local & Malaysian, Noodles, Seafood, BBQ & Grill",,25 mins,1.3 km,,False,
94,Jao Thai Food - South Bridge Road,"Western, Thai, BBQ & Grill, Drinks & Beverages",4.7,30 mins,1.3 km,,False,
95,Overeasy - 1 Fullerton Road,"Snack, Burgers, Western",3.8,40 mins,3.3 km,,False,
96,The Penny Black Victorian London Pub - Boat Quay,"Alcohol, Snack, Western, Burger, Drinks & Beverages",4.5,30 mins,1.5 km,,False,
97,Village Nasi Lemak Bar - Circular Road,"Local & Malaysian, BBQ & Grill, Drinks & Beverages",4.3,25 mins,1.6 km,,False,
98,Al-Zamas River Valley Pte. Ltd. - Circular Road,"Indian, BBQ & Grill, Drinks & Beverages",3.4,35 mins,1.4 km,,False,
99,Xin Yuan Ji Fish Soup 新源记 - One Raffles Place,"Chinese, Local & Malaysian, Seafood, Noodles, Snack",4.8,35 mins,1.7 km,,False,
100,Grains & Co. - One Raffles Place,"Healthy, Bento, Breakfast & Brunch, Salad",4.7,35 mins,1.7 km,,True,https://food-cms.grab.com/compressed_webp/merchants/4-C4EUGJ4GTREJEJ/hero/1ea8ee178f654142ab01ff988c0f7100_1689140875499320748.webp
101,Shimmer Healthy Bowl By Popular Food - One Raffles Place,"Breakfast & Brunch, Healthy, Salad, Local & Malaysian",4.1,35 mins,1.7 km,,False,https://food-cms.grab.com/compressed_webp/merchants/4-C4NBG6U3LPVKKA/hero/c239b2a3380549059209588d96e9cd3d_1698207359480791200.webp
102,Thesandwichguys - One Raffles Place,"Breakfast & Brunch, Healthy, Mexican",,30 mins,1.7 km,,False,https://food-cms.grab.com/compressed_webp/merchants/4-C6JEVF2VCEJ1C2/hero/eb8e9d4fe69849b98c1049ca1f3ef161_1710496521959632077.webp
103,Chuan Taizi Mala Tang - One Raffles Place,"Chinese, Mala, Drinks & Beverages",,35 mins,1.7 km,,False,https://food-cms.grab.com/compressed_webp/merchants/4-C6BYR8BBAYNCNA/hero/72a4cc727d2c4687b77e54f4d0e6be06_1703660478417874246.webp
104,KOI Thé - One Raffles,"Bubble Tea, Coffee & Tea, Drinks & Beverages",4.3,35 mins,1.7 km,Free Delivery (Min. spend S$20) with GrabUnlimited,True,https://food-cms.grab.com/compressed_webp/merchants/4-C4MFVA5ALUTZAJ/hero/58fe9671cd9d4992843fdcc686d31d2d_1715590501611693306.webp
105,Macpherson BBQ Seafood - Leagoo Building,"Local & Malaysian, Chinese, Seafood, Noodles",4.4,30 mins,1.3 km,,False,https://food-cms.grab.com/compressed_webp/merchants/SGDD06267/hero/f1948ad0264a42a786d9ec3fc6d49168_1559557018414783410.webp
106,luckin coffee - One Raffles Place T2,"Bakery & Cake, Breakfast & Brunch, Coffee & Tea, Dessert, Drinks & Beverages",5,30 mins,1.7 km,20% off storewide. 30% off with GrabUnlimited. T&C apply.,True,https://food-cms.grab.com/compressed_webp/merchants/4-C6AZTZJDEEUUUA/hero/a32f36bdb29e4e229a175392ab7926a6_1702270786060133090.webp
107,Dopa Dopa Creamery - South Bridge Road,"Dessert, Ice Cream, Mart",5,25 mins,1.3 km,,False,https://food-cms.grab.com/compressed_webp/merchants/4-C2UZJPN3LRJDLX/hero/b263fb9f9eb94dce812318cc14ac6bcd_1623646406272966667.webp
108,Co Chung Restaurant - Lorong Telok,"Vietnamese, BBQ & Grill, Drinks & Beverages",4,30 mins,1.5 km,,False,https://food-cms.grab.com/compressed_webp/merchants/4-C2LYG2CGC4AYJA/hero/07379e5d2ad9479e851e1e860ab16781_1615559965934971561.webp
109,Tong Xin Ru Yi - Lorong Telok,"Chinese, Noodles",4.8,25 mins,1.5 km,,False,https://food-cms.grab.com/compressed_webp/merchants/4-CZDXJJMKNPBVWE/hero/23bce959170e40ce86b556e38ca241a7_1588906837008569600.webp
110,Freakin' Yummy Izakaya (FYI) - Circular Road,"Japanese, BBQ & Grill",4.6,25 mins,1.6 km,,False,https://food-cms.grab.com/compressed_webp/merchants/4-CZDUHEJHWATWJX/hero/86b7240e315a44c096b9ffc3a7dec83e_1620272891724084471.webp
111,The Great Mischief - National Gallery Singapore,"Spanish, Coffee & Tea, Breakfast & Brunch, Pasta",3.7,25 mins,1.3 km,,False,https://food-cms.grab.com/compressed_webp/merchants/4-C3EFE3E1RLEBDE/hero/cc65cb41a92c4ae38bf69fdc914bdda4_1648526497825173058.webp
112,Mr Bean - Raffles Place MRT Station,"Local & Malaysian, Breakfast & Brunch, Healthy",4.4,30 mins,1.7 km,,False,https://food-cms.grab.com/compressed_webp/merchants/4-CYTKLXJFGRMVNA/hero/c97ffd2a77774255b921c7e0757c9106_1602235043382800963.webp
113,Legendary Bak Kut Teh - South Bridge Road,"Local & Malaysian, Chinese, Noodles",4.3,30 mins,1.3 km,,False,https://food-cms.grab.com/compressed_webp/merchants/4-C2DJCGCKVN63J6/hero/abe6ba18fea440e897a41f27184c15be_1607502208797574101.webp
114,The Grill Knife - Raffles Place MRT Station,"Kids Friendly, Halal, BBQ & Grill, Western",4.3,35 mins,1.7 km,20% off storewide with GrabUnlimited. T&C apply.,True,https://food-cms.grab.com/compressed_webp/merchants/4-C2THVYVKT6UKCA/hero/4815c38b21504b55aca56a81c1cfd9d8_1620795649946870743.webp
115,Killiney Kopitiam - Lorong Telok,"Breakfast & Brunch, Drinks & Beverages, Coffee & Tea",4.4,30 mins,1.5 km,,False,https://food-cms.grab.com/compressed_webp/merchants/4-C2AGSB4CRKVHL2/hero/87d2473194ea45f4bd75349d87fb4b09_1600682509668671223.webp
116,MinXiaoMin - South Bridge Road,"Chinese, Vegetarian Friendly, Alcohol, Drinks & Beverages",,25 mins,1.3 km,,False,https://food-cms.grab.com/compressed_webp/merchants/4-C6EASFDJT6XTLT/hero/bcc6df513a414f609b408c2e815ea038_1708309530480419932.webp
117,Gyo Gyo - Funan,"Japanese, Pasta, Seafood, Drinks & Beverages",4.6,25 mins,0.5 km,,False,https://food-cms.grab.com/compressed_webp/merchants/4-C3NZSEWUCBVBAT/hero/b7889433a7c544b9a1db44ed3594e207_1660534305798829825.webp
118,Boost Juice Bars - Funan,"Drinks & Beverages, Ice Cream, Dessert",4.7,25 mins,0.5 km,,False,https://food-cms.grab.com/compressed_webp/merchants/4-C3CDSE4FCA6BE6/hero/74ea2ae347e7406183e338f3c311a121_1701315227122410800.webp
119,Stuff'd - Funan,"Healthy, Salad, Mexican, Halal, Group Friendly",4.3,25 mins,0.5 km,,False,https://food-cms.grab.com/compressed_webp/merchants/4-C2VKLAC2MBT2NJ/hero/43dfeeb6919a48d4a8db95a9a93a0ac0_1625204021157211612.webp
120,Hototogisu Maze Soba - Funan,"Japanese, Ramen, Noodles",4.3,25 mins,0.5 km,,False,https://food-cms.grab.com/compressed_webp/merchants/4-C24JRFVTGA4GUA/hero/52f2017a9e2c45cb8a841d30115ae4bc_1689823733816377621.webp
121,Don Jr - Funan,"Japanese, Snack",4.1,20 mins,0.5 km,,False,https://food-cms.grab.com/compressed_webp/merchants/4-C2XJHGMET2T3EX/hero/04cf6cac5b6248f2aaef3233473bd4e4_1628839964996275911.webp
122,Stuff'd - Funan,"Healthy, Salad, Mexican, Halal, Group Friendly",4.3,25 mins,0.5 km,,False,https://food-cms.grab.com/compressed_webp/merchants/4-C2VKLAC2MBT2NJ/hero/43dfeeb6919a48d4a8db95a9a93a0ac0_1625204021157211612.webp
123,Hototogisu Maze Soba - Funan,"Japanese, Ramen, Noodles",4.3,25 mins,0.5 km,,False,https://food-cms.grab.com/compressed_webp/merchants/4-C24JRFVTGA4GUA/hero/52f2017a9e2c45cb8a841d30115ae4bc_1689823733816377621.webp
124,Don Jr - Funan,"Japanese, Snack",4.1,20 mins,0.5 km,,False,https://food-cms.grab.com/compressed_webp/merchants/4-C2XJHGMET2T3EX/hero/04cf6cac5b6248f2aaef3233473bd4e4_1628839964996275911.webp
125,Korean Cuisine - Funan Mall,Korean,1,20 mins,0.5 km,,False,https://food-cms.grab.com/compressed_webp/merchants/4-C35YTYWFGB4JDA/hero/66c91fa5d0824ce496e409bad191e85f_1677585665417903461.webp
126,Big Grill - Best of Australian Steaks - Funan Mall,"Western, Local & Malaysian, BBQ & Grill",,20 mins,0.5 km,,False,https://food-cms.grab.com/compressed_webp/merchants/4-C35YTYWFCKLJTN/hero/714176e20ee149db962dc94896467cd2_1677585665211761798.webp
127,Mala Hotpot - Funan Mall,"Chinese, Local & Malaysian, Mala",,20 mins,0.5 km,,False,https://food-cms.grab.com/compressed_webp/merchants/4-C35YTYWFCETYJT/hero/e101db00634e4dee824b2761b9a3bcac_1677585665247601524.webp
128,Claypot Delight - Funan Mall,"Local & Malaysian, Noodles",,20 mins,0.5 km,,False,https://food-cms.grab.com/compressed_webp/merchants/4-C35YTYWFCEAGNE/hero/58d5ab67e7024175b845b7e463c11b20_1677585665217506083.webp
129,Amanda Yong Tau Foo - Funan Mall,Local & Malaysian,,20 mins,0.5 km,,False,https://food-cms.grab.com/compressed_webp/merchants/4-C35YTYWFAUUETT/hero/624df2c47d614cefb5232bd821df44a6_1677585665188127812.webp
130,Penyet King - Funan Mall,Local & Malaysian,,20 mins,0.5 km,,False,https://food-cms.grab.com/compressed_webp/merchants/4-C35YTYWFATCWBE/hero/eae923c2deec476ab65b4455df991833_1677585665197015409.webp
131,Fish Soup Ban Mian - Funan Mall,"Local & Malaysian, Seafood, Noodles",,20 mins,0.5 km,,False,https://food-cms.grab.com/compressed_webp/merchants/4-C35YTYWFA6NAAJ/hero/1fdac1686e784737a13e47b85c08eece_1677585665218446026.webp
132,Tong Luck Mixed Veg Rice - Funan Mall,"Local & Malaysian, Chinese, Hawker",,20 mins,0.5 km,,False,https://food-cms.grab.com/compressed_webp/merchants/4-C35YTYWFA62FTA/hero/62672e7e7823444583b7aac2e39e13a1_1677585665192245189.webp
133,Yuan Wei Mini Wok - Funan Mall,"Local & Malaysian, Noodles, Zi Char",,20 mins,0.5 km,,False,https://food-cms.grab.com/compressed_webp/merchants/4-C35YTYWFA4NWSE/hero/1665710cc9114ba19552723a7005a87e_1677585665241717036.webp
134,Flavors of Japan - Funan Mall,"Japanese, Ramen",,20 mins,0.5 km,,False,https://food-cms.grab.com/compressed_webp/merchants/4-C35YTYWEV2LFJ6/hero/96f42d4e6b024a54864e321eb3a3916c_1677585665093895454.webp
135,Dim Sum - Funan Mall,"Dim Sum, Local & Malaysian",,20 mins,0.5 km,,False,https://food-cms.grab.com/compressed_webp/merchants/4-C35YTYWEV2EBRE/hero/57b60e81819c4794a268db6b1e590755_1677585665082414617.webp
136,Wingstop - Funan,"Fast Food, Fried Chicken, Western, Halal",4,35 mins,0.5 km,Free Delivery (Min. spend S$35) with GrabUnlimited,True,https://food-cms.grab.com/compressed_webp/merchants/4-C4NBJNMVAYXZME/hero/075a63a4634d4a40aabb5d5db0eff6d7_1698227336785199080.webp
137,Xi Men Jie - Funan,"Chinese, Healthy, Drinks & Beverages",4.6,25 mins,0.5 km,,False,https://food-cms.grab.com/compressed_webp/merchants/4-C4DGKA4GN4CDE2/hero/33a056d615c04e2694f65862e2aabeef_1686715477563979868.webp
138,Bee Kee Truffle Wanton Noodle - CapitaSpring,"Chinese, Noodles, Drinks & Beverages",4.2,35 mins,1.6 km,,False,https://food-cms.grab.com/compressed_webp/merchants/SGDD01392/hero/21b36c4eca624821b6aa2610f56ad4bf_1557975851087114497.webp
139,PENG 鹏 Tiong Bahru Wanton Mee - CapitaSpring,"Chinese, Local & Malaysian, Noodles",4.6,35 mins,1.6 km,,False,https://food-cms.grab.com/compressed_webp/merchants/SGDD12541/hero/f99f8173067c4de28263cae040358031_1562900512270091831.webp
140,Authentic Hock Lam Beef Noodles - 13 North Canal Road,"Chinese, Noodles",4.6,30 mins,1.6 km,,False,https://food-cms.grab.com/compressed_webp/merchants/SGDD01360/hero/upload-photo-Hero_Photo_2a6eb535c65643bab307a4cb3ef892cf_1554873082830030787.webp
141,Potato Corner - Funan,"Local & Malaysian, Fast Food, Snack",4.4,25 mins,0.5 km,,False,https://food-cms.grab.com/compressed_webp/merchants/4-CZJZBADJCXA2NN/hero/766c8c6592804738931b64e18f799058_1649250388867135963.webp
142,Cellarbration Bistro & Bottle Shop - Lorong Telok,"Alcohol, Mart, Drinks & Beverages",1,25 mins,1.5 km,,False,https://food-cms.grab.com/compressed_webp/merchants/4-C4MYGELXJZLWJJ/hero/5fe69a2d418a421c8a7208febdfe8566_1697622476149593074.webp
143,Yakizen - Boat Quay Conservation Area,"Japanese, BBQ & Grill, Salad, Zi Char, Sushi",3.3,30 mins,1.5 km,,False,https://food-cms.grab.com/compressed_webp/merchants/4-C2EAC3VJEBUWL2/hero/5ec2d1592a54496b85eb3bf9e4fef19b_1615954567790319964.webp
144,Dondonburi - Lorong Telok,"Japanese, Noodles, Drinks & Beverages",,25 mins,1.5 km,,False,https://food-cms.grab.com/compressed_webp/merchants/4-C3VWVT6ETNUVLT/hero/f8b60ef69e7f404e8795f7bfe459c306_1680153155580503810.webp
145,Beng Thin Hoon Kee - OCBC Centre,"Chinese, Dessert, Drinks & Beverages",4.2,35 mins,1.5 km,,False,https://food-cms.grab.com/compressed_webp/merchants/4-C22KT6VFVYJHC6/hero/17041e6569454ee08346465729b299c8_1634696875645691342.webp
146,Hisingapore - High Street Centre,"Mart, Healthy, Snacks",,20 mins,  1 km,,False,https://food-cms.grab.com/compressed_webp/merchants/4-C6CCKELHFGA2AA/hero/995dbb53e6fe473ea20821b437fa3066_1704274890088000673.webp
147,The Good Boys - High Street Plaza,"Drinks & Beverages, Healthy",4,25 mins,  1 km,,False,https://food-cms.grab.com/compressed_webp/merchants/4-C3VJR76KJXXADA/hero/05e87b1d1bfc424591f4ecd257be8c98_1664936270961766800.webp
148,Flo Dining - High Street Plaza,"Japanese, Chicken, Vegetarian Friendly",3,25 mins,  1 km,,False,https://food-cms.grab.com/compressed_webp/merchants/4-C3UBCEDHTT6FCN/hero/f98b6d9f33f14cadaa685be98fb7684c_1670836813811506268.webp
149,Ricciotti - The Riverwalk,"Pasta, Pizza, Italian",3.4,30 mins,1.3 km,,False,https://food-cms.grab.com/compressed_webp/merchants/SGDD08664/hero/ricciotti.webp
150,Sinpopo Coffee - Funan,"Bakery & Cake, Local & Malaysian",4.4,25 mins,0.5 km,,False,https://food-cms.grab.com/compressed_webp/merchants/4-CYW1LZNWMCNJVA/hero/06d727d3fb784362a9d22a0778aaa060_1596079937413780538.webp
151,Ramanico Delights - High Street Plaza,Chinese,2,20 mins,  1 km,,False,https://food-cms.grab.com/compressed_webp/merchants/4-C3JDL6TGDF3WNN/hero/bce70587d1f44447905ae9e75631af17_1650357206323164200.webp
152,Sinpopo Coffee - Funan,"Bakery & Cake, Local & Malaysian",4.4,25 mins,0.5 km,,False,https://food-cms.grab.com/compressed_webp/merchants/4-CYW1LZNWMCNJVA/hero/06d727d3fb784362a9d22a0778aaa060_1596079937413780538.webp
153,Ramanico Delights - High Street Plaza,Chinese,2,20 mins,  1 km,,False,https://food-cms.grab.com/compressed_webp/merchants/4-C3JDL6TGDF3WNN/hero/bce70587d1f44447905ae9e75631af17_1650357206323164200.webp
154,Sushi Express - Funan,"Dessert, Sushi, Japanese, Group Friendly",4.3,30 mins,0.5 km,,False,https://food-cms.grab.com/compressed_webp/merchants/4-CYXBCJDGNGE3EJ/hero/fd52c776-17ad-484c-a7a4-c1f4c12b8b7a__store_cover__2024__03__28__10__01__20.webp
155,Souperstar - One Raffles Place,Salad,4.8,35 mins,1.7 km,,False,https://food-cms.grab.com/compressed_webp/merchants/4-CZCUCRKVCAMYVA/hero/bb64248d14cd4abf8f83f2a10ad90019_1585557891727726140.webp
156,Tummy Delights - Raffles Place,"Chinese, Western, BBQ & Grill",,30 mins,  2 km,,False,https://food-cms.grab.com/compressed_webp/merchants/4-C6BAGXDYGJDBET/hero/ce01dbad744446a48d037ac063160fb5_1702291401416278545.webp
157,Whiskdom Cookies & Brownies - Raffles Place,"Bakery & Cake, Dessert, Coffee & Tea",5,35 mins,1.7 km,,False,https://food-cms.grab.com/compressed_webp/merchants/4-C6EYGAVWLNBENN/hero/c52ee8e4e1d84757b54cd96755c7205a_1709610208800090503.webp
158,SF Fruit & Juices - One Raffles Place,"Healthy, Drinks & Beverages, Fresh Produce",4.7,35 mins,1.7 km,,False,https://food-cms.grab.com/compressed_webp/merchants/4-C4MDVPMAFCDKCJ/hero/5a565234da3844c5b719b85a6161da03_1696403089866970119.webp
159,Peach Garden - OCBC Centre,"Chinese, Dim Sum, Seafood",4.1,25 mins,1.5 km,,False,https://food-cms.grab.com/compressed_webp/merchants/4-CYLJWGMVVLNVTE/hero/fe198f684c114e5f8f11ce5fe407da15_1610423076413063106.webp
160,Vinothek Leopold - Lorong Telok,"Alcohol, Beverages, Western, Mart, Vegan",4.1,30 mins,1.5 km,,False,https://food-cms.grab.com/compressed_webp/merchants/SGDD01271/hero/40cceb0e63b94de88a46a5fb83eab4b6_1586782773663855658.webp
161,Bombay Grill (Restaurant Delivery),Indian,3.5,66 mins,1.3 km,,False,https://food-cms.grab.com/compressed_webp/merchants/4-CZCFEKMTA6TXRE/hero/5001ef6dfecc461cb6f93121efb1447f_1630460697736110984.webp
162,Two Wings - North Bridge Road,"Western, Fried Chicken, Drinks & Beverages",4.7,20 mins,0.5 km,,False,https://food-cms.grab.com/compressed_webp/merchants/4-CYLJWGEJRP3TJA/hero/upload-photo-Hero_Photo_ea428f059dd34da0a0a7d6d67b2cd0c6_1556012404270574503.webp
163,Ramen Matsuri - 7 North Canal Road,"Japanese, Ramen, Noodles",4.6,30 mins,1.4 km,,False,https://d1sag4ddilekf6.cloudfront.net/compressed/merchants/SGDD00979/hero/75r-24bits-100kb-475fb81c6ca45cf095365430bbc7a05195c2119ad85accb05856159aae5ae210-f13944e7fea54cab84c6bd290297db5d_1563782530895019443.jpeg
164,Kwaasong Bakeshop - Lorong Telok,"Bakery & Cake, Snack, Dessert",5,30 mins,1.5 km,,False,https://food-cms.grab.com/compressed_webp/merchants/4-C6JYG6XUN2MXKA/hero/23752b6f58c148729f7f37ea52d60641_1711614113552660111.webp
165,Dapur Penyet - North Bridge Road,"Indonesian, Halal, Seafood",4.2,30 mins,0.5 km,,False,https://food-cms.grab.com/compressed_webp/merchants/4-C6EFRUMTJU2JBA/hero/7c4b1a523e424ed4bcb349da2a02dd3d_1708591944632562022.webp
166,LeNu Noodle Bar - Funan,"Chinese, Noodles, Ramen",4.6,30 mins,0.5 km,Free Delivery (Min. spend S$30) with GrabUnlimited,True,https://food-cms.grab.com/compressed_webp/merchants/4-CYUTT6CDJ4ETNT/hero/d50192c9001b4588bf39f781573e539a_1577414852664700671.webp
167,Ange Bakes Keto Bakery & Cafe - High Street Plaza,"Mart, Bakery, Dessert, Local, Snacks",4.7,25 mins,  1 km,S$5.00 off Keto Nama Chocolate (16pcs) [Egg-Free],True,https://food-cms.grab.com/compressed_webp/merchants/4-CZD1V32GJVEUCE/hero/cfbef3c82ef5453baec1e8918a964002_1591842854837883418.webp
168,O2 Bistro - Boat Quay Conservation Area,"Dessert, Chinese, Western",3.8,25 mins,1.6 km,,False,https://food-cms.grab.com/compressed_webp/merchants/4-C2MUN4CTR2VXWE/hero/21f3f4d99f9e45a99084615a2ea63fb8_1631674285903762105.webp
169,Qi Ji - Funan Mall,"Chinese, Halal, Local & Malaysian, Group Friendly",4.6,30 mins,0.5 km,,False,https://food-cms.grab.com/compressed_webp/merchants/4-CYWKAUBUPEDVJX/hero/98dd12f8f13447318417005e03285097_1568965204870694985.webp
170,Naga House - Lorong Telok,"Coffee & Tea, Drinks & Beverages, Japanese Cuisine",5,25 mins,1.5 km,,False,https://food-cms.grab.com/compressed_webp/merchants/4-C3NCCTNHRCDTRE/hero/5177b2f64ef646ac89539ee79417095a_1658550707300992482.webp
171,Deadfall Mexiporean Hawkeria - North Canal Road,"Mexican, Fusion",,25 mins,1.6 km,,True,https://food-cms.grab.com/compressed_webp/merchants/4-C6KYCRAKE262EE/hero/617c0e8e504542b6b9e8684060b8069c_1714626511281394204.webp
172,Deadfall Cafe - North Canal Road,"Breakfast & Brunch, Cafe",5,30 mins,1.6 km,,False,https://food-cms.grab.com/compressed_webp/merchants/4-C6KVLUDEMFWUL2/hero/cd917ef3a3384c069c48ac5735ea7810_1714626442423139174.webp
173,Kazo Premium - Funan,"Bakery & Cake, Dessert, Cakes & Bakeries, Halal",4.9,25 mins,0.5 km,Free Delivery (Min. spend S$35) with GrabUnlimited,True,https://food-cms.grab.com/compressed_webp/merchants/4-C3E3EFD3G3VCTN/hero/6486ec30-0187-4def-89f4-bcd8085c6705__store_cover__2024__02__15__02__04__50.webp
174,Smooy - Funan,"Dessert, Ice Cream",4.4,20 mins,0.5 km,,False,https://food-cms.grab.com/compressed_webp/merchants/4-C2TBC6CDV6UACE/hero/be9fb410016c46749fd50c02bc869c57_1620118919518792491.webp
175,Now Pizza - Funan,"Italian, Pizza, Drinks & Beverages, Dessert",3.7,25 mins,0.5 km,,False,https://food-cms.grab.com/compressed_webp/merchants/4-C6E2RBDBNA5GNA/hero/684dcd75-8e1e-41f4-914d-edceb0c621c5__store_cover__2024__03__15__02__38__38.webp
176,Men Men Don - Funan Mall,"Japanese, Noodles, Bento",4.4,30 mins,0.5 km,,False,https://food-cms.grab.com/compressed_webp/merchants/4-CZC2A2DDGZNYBA/hero/68d3919a6f1c4a8c95302ff16e566083_1585806066968176337.webp
177,Sukiya - Funan,"Japanese, Kids Friendly, Drinks & Beverages, Seafood, Halal",4.3,30 mins,0.5 km,,False,https://food-cms.grab.com/compressed_webp/merchants/4-C3XTAN6WCCLJKA/hero/7bf758f97e3d4545adce0d2c95b344ac_1669005010942650029.webp
178,Sing Swee Kee Chicken Rice X Raffles Coffee - North Bridge Road,"Local & Malaysian, Coffee & Tea, Drinks & Beverages",3.3,30 mins,0.5 km,,True,https://food-cms.grab.com/compressed_webp/merchants/4-C6AFLYKZANBBLN/hero/bf0f1c24-468d-48c5-bd62-f99d56ebc107__store_cover__2023__12__04__09__48__47.webp
179,Beyond Fruit - Funan,"Drinks & Beverages, Dessert, Healthy",5,25 mins,0.5 km,,False,https://food-cms.grab.com/compressed_webp/merchants/4-C4MZEJ51G64XGN/hero/5f8e7f5a-5f5c-419d-9be4-0da2dd965617__store_cover__2024__03__31__15__39__55.webp
180,Hill Street - Mix & Match Malls (Mart),"Convenience, Bakery & Pastries, Mart",,25 mins,0.5 km,,False,https://food-cms.grab.com/compressed_webp/merchants/4-C36HR8CFJCLHJE/hero/6efa5c86a0b4464b8a4de885695e4b0c_1679382683942442337.webp
181,Wayang - Funan,"Indonesian, Seafood, Drinks & Beverages",4.7,25 mins,0.5 km,,False,https://food-cms.grab.com/compressed_webp/merchants/4-C4CKR4AUCFLKAT/hero/771bfe61-1222-4755-87ea-4c7d0621bf52__store_cover__2023__06__21__08__44__56.webp
182,Delibowl - Funan 壹碗福南数码广场,"Local & Malaysian, Chinese, Zi Char, Halal",4.4,25 mins,0.5 km,,False,https://food-cms.grab.com/compressed_webp/merchants/4-CY23VKEUCUA1CA/hero/a788d4bba220437e841b9466f0d88559_1574309279562344056.webp
183,Delibowl - Funan 壹碗福南数码广场,"Local & Malaysian, Chinese, Zi Char, Halal",4.4,25 mins,0.5 km,,False,https://food-cms.grab.com/compressed_webp/merchants/4-CY23VKEUCUA1CA/hero/a788d4bba220437e841b9466f0d88559_1574309279562344056.webp
184,Yan Ji Gourmet Seafood Soup - Funan,"Chinese, Seafood",4.4,30 mins,0.5 km,,False,https://food-cms.grab.com/compressed_webp/merchants/4-CYU2V2KFCGLXTJ/hero/a6f4825e98664d85ba95a54fc252c1f7_1648111050168235141.webp
185,Subway - Funan,"Sandwiches, Halal, Fast Food, Group Friendly",4.4,25 mins,0.5 km,1 $off,True,https://food-cms.grab.com/compressed_webp/merchants/4-CZDKG25AVYVAT6/hero/b10a055c8d34488c9f269b43acc2698f_1587301211059935196.webp
186,53 Galaxy Space - South Bridge Road,"Western, Breakfast & Brunch, Pasta, Salad",,25 mins,1.3 km,,False,https://food-cms.grab.com/compressed_webp/merchants/4-C25UGT5GNVA2WA/hero/93c463e17b72461ea7d974466f57a7b8_1654236407081110608.webp
187,Bombay House - South Bridge Road,Indian,3.5,92 mins,1.2 km,,False,https://food-cms.grab.com/compressed_webp/merchants/4-C2WGSGMCCNXUGT/hero/0e48055305674296b8cba980196524f4_1681539338161441227.webp
188,Aryana - North Indian Restaurant - South Bridge Road,"Indian, Vegetarian Friendly",3.4,119 min,1.2 km,,False,https://food-cms.grab.com/compressed_webp/merchants/4-C3LGL3LDWAJHJT/hero/2d42e49726f94cddbf50b9f0bd29e251_1678022926384196221.webp
189,Bombay Curry And Kebabs North Indian Cuisine - South Bridge Road,"BBQ & Grill, Seafood, Bento, Indian",3.8,99 mins,1.2 km,,False,https://food-cms.grab.com/compressed_webp/merchants/4-C3LGL26GR23AMA/hero/6682207da78b4a8ab0efb3ccf684d24e_1706529072240800528.webp
190,Hot Express North Indian Cuisine - South Bridge Road,"Indian, BBQ & Grill, Seafood",3.3,118 min,1.2 km,,False,https://food-cms.grab.com/compressed_webp/merchants/4-C253CYCTETA2ME/hero/ceb1f099cf97489bb85ba3bb395c3b4c_1706528941529286129.webp
191,Bawarchi North Indian Cuisine - South Bridge Road,Indian,3.5,117 min,1.2 km,,False,https://food-cms.grab.com/compressed_webp/merchants/4-C252FED2JKLKV6/hero/4f3b6e7f4ccf4f2db0512dd002d03998_1694151133920119369.webp
192,The Taste of Bharath - High Street Plaza,"Indian, Local & Malaysian",3.9,20 mins,0.5 km,,False,https://d1sag4ddilekf6.cloudfront.net/compressed/merchants/4-CYN1J3LDNLKDJA/hero/75r-24bits-100kb-d099d52307d903b9286c3d7e537cb8a51566c483f9aa2f0d83a0af5dda621582-af4734c72e9a497382715b50b57c328d_1564033147753612778.jpeg
193,Churros Republic - Funan Mall,"Dessert, Snack, Bakery & Pastries, Spanish, Drinks & Beverages",4.6,25 mins,0.5 km,,False,https://food-cms.grab.com/compressed_webp/merchants/4-C2E2V3VCFF4GCX/hero/514d9998-aec8-45a0-bb27-8af95f4f766b__store_cover__2023__10__18__06__47__36.webp
194,Gong Yuan Ma La Tang - Funan,"Local & Malaysian, Chinese, Mala",4,30 mins,0.5 km,Free Delivery (Min. spend S$25) with GrabUnlimited,True,https://food-cms.grab.com/compressed_webp/merchants/4-CZBXVFVUJF3GVX/hero/ce46b1eecd1f403c866e2ff5767e0daf_1587806595881405114.webp
195,A Gan Guo Kui - North Bridge Road,"Snack, Bakery, Chinese",4.4,25 mins,0.5 km,,False,https://food-cms.grab.com/compressed_webp/merchants/4-CZDVUF2VLKKFV2/hero/73914813c4544518a8d0614b9aa884fb_1587617704509762156.webp
196,Old Chang Kee - Funan,"Snack, Local & Malaysian, Halal, Group Friendly",4.7,25 mins,0.5 km,,False,https://food-cms.grab.com/compressed_webp/merchants/4-CYVFL2CDN2UEJ2/hero/674b9d8fcca24766b247a31a5c90b953_1565669664238342611.webp
197,House of Seafood (MediterrAsian BBQ Bar) - The Riverwalk,"Local & Malaysian, Chinese, Seafood",3.9,40 mins,1.3 km,,False,https://food-cms.grab.com/compressed_webp/merchants/4-C2JFEXCJA74GEE/hero/21b3fa7a-dc41-4da3-82d2-8b8b42b4d98c__store_cover__2023__08__30__14__50__38.webp
198,Twyst Pasta - Raffles Place MRT Station,"Noodles, Fast Food, Italian, Bakery & Cake, Halal",4.6,35 mins,1.7 km,20% off storewide. 30% off with GrabUnlimited. T&C apply.,True,https://food-cms.grab.com/compressed_webp/merchants/4-C25ZKECUCZD3AN/hero/bdd7d200991249388572cc2878f133bd_1658974754474364551.webp
199,Godmama Modern Peranakan Kitchen - Funan Mall,"Local & Malaysian, Pasta, Dessert, Seafood",3.9,30 mins,0.5 km,,False,https://food-cms.grab.com/compressed_webp/merchants/4-CZDHLA3KV4J3DA/hero/44892187094b42d2b6b38693e31e8fe6_1591089016450622657.webp
200,Old Tea Hut - One Raffles Place,"Drinks & Beverages, Coffee & Tea, Bubble Tea",4.7,30 mins,1.8 km,,False,https://food-cms.grab.com/compressed_webp/merchants/4-CZLGCZDUNFMVPA/hero/2b77ec0f139141c8b0e7ebbfe148533c_1596421651754399069.webp
201,Saap Saap Thai - Funan,"Thai, Noodles, Halal",4.4,30 mins,0.5 km,,False,https://food-cms.grab.com/compressed_webp/merchants/4-CYWCATD3GAWTRN/hero/166c5f439d6644799e151c6b9428c27b_1622858179850687444.webp
202,NOKA - Funan,"Alcohol, Dessert, Drinks & Beverages, Sushi",4.5,20 mins,0.9 km,,False,https://food-cms.grab.com/compressed_webp/merchants/4-CZJVJ6KABAXJET/hero/56d017cadcb340528352cda4f768a01c_1591943439792752103.webp
203,Acai King - North Bridge Road,"Dessert, Drinks & Beverages",1,25 mins,0.9 km,,False,https://food-cms.grab.com/compressed_webp/merchants/4-C6C3WB2WRKKALJ/hero/15d875bcb8b54b4e8888ad921c226723_1709694603310150720.webp
204,Swirled - Capitaspring,"Western, Pasta, Seafood, Snack, Local & Malaysian",4.3,30 mins,1.7 km,,False,https://food-cms.grab.com/compressed_webp/merchants/4-C4C3MA42ENXZCA/hero/0cbec78e-29e2-49da-a083-645a26ae7dfb__store_cover__2023__06__10__16__23__06.webp
205,Patrons’ Box - One Raffles Place,"Western, Middle Eastern, Dessert",4.4,30 mins,1.8 km,,False,https://food-cms.grab.com/compressed_webp/merchants/4-C3LGR6M3C8EXCE/hero/b8473dedbf5a40bf972cc82823ee219f_1657167638194680986.webp
206,Cedele - CIMB Plaza,"Western, Bakery & Cake, Breakfast & Brunch",4.2,30 mins,  2 km,"Free Delivery (Min. spend S$30) for all, limited redemptions",True,https://food-cms.grab.com/compressed_webp/merchants/4-C34WEEW1ECKAC6/hero/4509ca6cf8cb442a8f76007d5403b999_1675386559467804343.webp
207,Tanamera Coffee - Oxley @ Raffles,"Indonesian, Breakfast & Brunch, Fried Rice, Satay, Soup",4,119 min,  2 km,,False,https://food-cms.grab.com/compressed_webp/merchants/4-C2T3CY2YWAVGNE/hero/0d34205a50254b6192b5b9836b76f4e4_1676628307279990382.webp
208,The Oyster Bank - Funan,"Japanese, Seafood, Sushi",3.7,30 mins,0.9 km,,False,https://food-cms.grab.com/compressed_webp/merchants/4-CY3UVAXARRBACN/hero/eb5bec3f388d4fa38c788b713f2c31cf_1574675608488488087.webp
209,Cedele Mart - CIMB Plaza,"Bakery & Cake, Groceries, Healthy Food, Snack, Gourmet",5,25 mins,  2 km,,False,https://food-cms.grab.com/compressed_webp/merchants/4-C34WEEW1DCLVPA/hero/1fc930fe703646d2a1957f5a6f08b56e_1675399515065771592.webp
210,Golden Village Goldbites - Funan,"Western, Fast Food, Drinks & Beverages",3.7,30 mins,0.5 km,,False,https://food-cms.grab.com/compressed_webp/merchants/4-C22ENXV2JAAJPA/hero/18b4ba2a51264912aecd832e2202420a_1631262661232118769.webp
211,Ya Kun Kaya Toast - Funan Mall,"Coffee & Tea, Bakery & Cake, Dessert, Group Friendly",4.2,30 mins,0.9 km,,False,https://food-cms.grab.com/compressed_webp/merchants/4-CZBXTF4YA8DXGT/list/b33636a489534196a15815b4e936aa40_1585745933534943055.webp
212,Dunkin' Donuts - Funan Mall,"Western, Group Friendly, Bakery & Cake, Drinks & Beverages, Halal",4.6,25 mins,0.9 km,,False,https://food-cms.grab.com/compressed_webp/merchants/4-CYU3N7KCECKGNX/list/bc2aace0d4004d0c9431b9159cdaca27_1700120991729859187.webp
213,The Coffee Bean & Tea Leaf - CIMB Plaza,"Breakfast & Brunch, Coffee & Tea, Dessert, Halal",4.5,35 mins,  2 km,,False,https://food-cms.grab.com/compressed_webp/merchants/4-C2LXSBCJTJNGLN/list/c6800a250736409b89b832318901cc0e_1648777871447436792.webp
214,LiHO TEA - Funan,"Coffee & Tea, Drinks & Beverages, Bubble Tea, Group Friendly",4.5,25 mins,0.9 km,Free Delivery (Min. spend S$20) with GrabUnlimited,True,https://food-cms.grab.com/compressed_webp/merchants/4-CZCBCGNXAY5ACA/list/3932105003b7413f8346cc1e39c560bb_1713173229461658821.webp
215,Lucky69 Beer Cafe - North Canal Road,"Snack, Alcohol, Western",5,30 mins,1.6 km,,False,https://food-cms.grab.com/compressed_webp/merchants/4-C2LAR3XHVP4EME/hero/b593bdd9185440388a4aad0dac2777b4_1632708614969143673.webp
216,Chalong - Charcoal Grill Meat - One Raffles Place,"Western, Thai, BBQ & Grill",4.4,35 mins,1.8 km,,False,https://food-cms.grab.com/compressed_webp/merchants/4-CZL3BB5KNBBGHE/hero/ce44509f4a044d4db864518716bc98d0_1595909978142566930.webp
217,Toast Box - Phillip Street,"Local & Malaysian, Breakfast & Brunch, Drinks & Beverages",4,30 mins,2.7 km,,False,https://food-cms.grab.com/compressed_webp/merchants/SGDD11205/hero/fbcf359dc72c45b589de99074d908308_1710758123415296457.webp
218,Gado & Grill - One Raffles Place,"Bento, Fried Chicken, Group Friendly",4.6,30 mins,1.8 km,,False,https://food-cms.grab.com/compressed_webp/merchants/SGDD06836/hero/GadoNGrill_Hero_16x9_1.webp
219,Humble Bakery - One Raffles Place,"Bakery & Cake, Cakes & Bakeries",5,30 mins,1.8 km,,False,https://food-cms.grab.com/compressed_webp/merchants/4-C34ULBUAENKKN2/hero/5a38769db2664463a945e0bec096c3d4_1680171134213683822.webp
220,Smile Martabak - Funan,"Indonesian, Dessert, Halal",4.1,30 mins,0.9 km,,False,https://food-cms.grab.com/compressed_webp/merchants/4-C3KBLATWN8L1TN/hero/ebe94f4b9bae4103bcc2ced051e7cef8_1653379940746943561.webp
221,The Alley - Funan,"Drinks & Beverages, Coffee & Tea, Bubble Tea, Group Friendly",4.5,25 mins,0.5 km,"Free Delivery (Min. spend S$22) for all, limited redemptions",True,https://food-cms.grab.com/compressed_webp/merchants/4-C26ZJFWXN3NHHA/hero/519328cccd5e4a1d9d26441949ebe11c_1652095456826891218.webp
222,Super Coco - Funan,"Dessert, Drinks & Beverages, Bubble Tea, Group Friendly",4.6,30 mins,0.9 km,,False,https://food-cms.grab.com/compressed_webp/merchants/4-C3THEXDDT62YNA/hero/9148b833d9554943a9c20cd13dfbe6c1_1660725519225296127.webp
223,Cat & The Fiddle - Raffles Place MRT Station,"Frozen Food, Bakery & Cake, Dessert, Halal",4.8,30 mins,1.9 km,Free Delivery (Min. spend S$45) with GrabUnlimited,True,https://food-cms.grab.com/compressed_webp/merchants/4-C22UMAVDRYDYCE/hero/145c5d33-7361-4d30-be0a-e75637a4c5d1__store_cover__2024__04__05__09__32__11.webp
224,Un-Yang-Kor-Dai - South Bridge,"Thai, Noodles, Islandwide Delivery, MICHELIN Bib Gourmand, Salad",4.6,35 mins,1.2 km,,False,https://food-cms.grab.com/compressed_webp/merchants/SGDD08841/hero/0ecba0291b304534983a7dc74e4f1aa0_1624884414939821160.webp
225,Lucky Saigon - North Canal Road,"Snack, Noodles, Vegetarian Friendly",4.2,30 mins,1.6 km,,False,https://food-cms.grab.com/compressed_webp/merchants/SGDD00739/hero/6b03063c89cd499480f82eff4e6d7569_1588940685452430037.webp
226,Poke Theory - Change Alley Mall,"Salad, Healthy, Vegan, Halal, Group Friendly",4.3,35 mins,  2 km,,False,https://food-cms.grab.com/compressed_webp/merchants/4-C2BTTP4CCX6VGT/hero/ad2967e992f045f09697c5f82196b41b_1603087663607775907.webp
227,Omnivore - Oxley @ Raffles,"Western, Salad, Group Friendly",4.5,35 mins,  2 km,,False,https://food-cms.grab.com/compressed_webp/merchants/4-C2X1T3VTTKAGLX/hero/1a534df6aa604783a3f81a82e33238f4_1631172755985082885.webp
228,Sanook Kitchen - Funan Mall,Thai,4.3,30 mins,0.9 km,,False,https://food-cms.grab.com/compressed_webp/merchants/4-C2E3GCCFEEWXAN/hero/5585b3c3b9b9491cbf4acb63f4540e3d_1609933011550521206.webp
229,Ikigai Izakaya - The Riverwalk,Japanese,,25 mins,1.3 km,,False,https://food-cms.grab.com/compressed_webp/merchants/4-C2VDKCCGAZDEN2/hero/bab9a55e36164c5c8c6dc777d96cafd0_1624354447742454144.webp
230,&Made Gourmet Burgers - Funan Mall,"Burgers, Snack",,25 mins,0.9 km,,False,https://food-cms.grab.com/compressed_webp/merchants/4-C32ET3DULETBEA/hero/26b9dd3402db4704b4e1f2245e6f4210_1677484993350407583.webp
231,Ajumma's - Funan,"Local & Malaysian, Korean",4.3,30 mins,0.9 km,,False,https://food-cms.grab.com/compressed_webp/merchants/4-CZEXGY4XWGNBTE/hero/c65126ed732743628bfe9de9e287e21b_1678693356179451758.webp
232,The Sandwich Shop - Hitachi Tower,"Western, Breakfast & Brunch, Snack, Group Friendly",4.4,35 mins,  2 km,,False,https://food-cms.grab.com/compressed_webp/merchants/4-C2UTLUVJAYWHTX/hero/53d5231a41bd44689471e5c8203ae467_1623661024345109827.webp
233,Guzman Y Gomez - Funan,"Mexican, Kids Friendly, Healthy, Group Friendly",4.2,30 mins,0.9 km,Free Delivery (Min. spend S$30) with GrabUnlimited,True,https://food-cms.grab.com/compressed_webp/merchants/4-CZEUR7LAUCDEC2/hero/16f3e885-9c12-4cb3-a2b6-1d0b1d39d182__store_cover__2023__10__02__02__43__18.webp
234,Yakiniku Shokudo - Funan Mall,"Japanese, BBQ, Grill",4.8,30 mins,0.9 km,,False,https://food-cms.grab.com/compressed_webp/merchants/4-CZJTAFBYGNLEEA/hero/398bb52fe75040418354af14fa6efb5d_1669623900775878750.webp
235,Co Nut Ink - Esplanade Theatres On The Bay,"Mart, Beverages, Dessert, Ice Cream",4.3,35 mins,2.5 km,,False,https://food-cms.grab.com/compressed_webp/merchants/SGDD08898/hero/11ede75d9ffe4d59a841adbd7fd9faa0_1648784195527152638.webp
236,Namino Hana - One Raffles Place,"Bento, Drinks & Beverages, Japanese, Salad",5,30 mins,1.8 km,,False,https://food-cms.grab.com/compressed_webp/merchants/4-C3VWV8NGC2VULT/hero/f885f5c110cb4162850fd85bfc6d4c94_1665453949003261890.webp
237,Kebabs Faktory - Funan,"Salad, Healthy, Halal, Fast Food, Group Friendly",4,25 mins,0.9 km,,False,https://food-cms.grab.com/compressed_webp/merchants/4-CZAWBCC1SEVYEA/hero/84f61af1e707486382eeec3dda8d734b_1712132024381532507.webp
238,CHICHA San Chen - Change Alley,"Drinks & Beverages, Coffee & Tea, Bubble Tea, Group Friendly",4.5,35 mins,1.9 km,,False,https://food-cms.grab.com/compressed_webp/merchants/4-C2CUKAU3SGNYTE/hero/bd32a4cef2fe42349d2e283d084df81f_1712684666772168144.webp
239,WOK HEY - Funan,"Bento, Chinese, Local & Malaysian, Halal, Group Friendly",4.4,30 mins,0.9 km,,False,https://food-cms.grab.com/compressed_webp/merchants/4-C2VKJ3U2C2JZTN/hero/3514944a53414a55849bcbbbdd3c320d_1714628938555436876.webp
240,Gion Gion - One Raffles Place,"Breakfast & Brunch, Vietnamese, Coffee & Tea",,25 mins,1.8 km,,False,https://food-cms.grab.com/compressed_webp/merchants/4-C6JECJ5KCUNYTJ/hero/8e8b8013c6a2472ead8bc92429d2342c_1710492424543362000.webp
241,Tea Pulse - Royal Group Building,"Drinks & Beverages, Coffee & Tea, Bubble Tea, Group Friendly",4.8,35 mins,2.7 km,,False,https://food-cms.grab.com/compressed_webp/merchants/4-CZAJVFBBCXNJEN/hero/807c11a26b0a42d4ad1713a6d9ce4569_1623064183359890390.webp
242,Nanyang Chicken - South Bridge Road,"Bento, Local & Malaysian, Chinese",3.9,25 mins,1.2 km,,False,https://food-cms.grab.com/compressed_webp/merchants/SGDD09015/list/eb46d744b0eb48c590559f1f8d330a20_1582696831814492957.webp
243,Fun Toast - One Raffles Place,"Local & Malaysian, Breakfast & Brunch, Coffee & Tea",4,30 mins,1.8 km,,False,https://food-cms.grab.com/compressed_webp/merchants/SGDD08530/list/c13a6d715a9a44d084ba2cb4f7371829_1680249227401642595.webp
244,Manam - Upper Circular Road,"Indian, Snack, Alcohol",3.9,30 mins,1.3 km,,False,https://food-cms.grab.com/compressed_webp/merchants/4-C2UWA3VBTACTA2/list/c5ef20250f0d451390d8e72895cc915e_1623306641976079903.webp
245,Urban Mix - One Raffles Place,"Mexican, Salad, Vegetarian, Healthy, Group Friendly",4.6,35 mins,1.8 km,,False,https://food-cms.grab.com/compressed_webp/merchants/SGDD03136/list/74a45e7bebef41848122cd5466019dc2_1592708047896603279.webp
246,Mr. Coconut - One Raffles Place,"Drinks & Beverages, Bubble Tea, Dessert",4.7,35 mins,1.8 km,Free Delivery (Min. spend S$25) with GrabUnlimited,True,https://food-cms.grab.com/compressed_webp/merchants/4-C2B1RVCEGEEDJA/list/2601ec8e15e04561a1bd6eb521621498_1711595115038126325.webp
247,Little Ribbons Pasta Co. - Funan,"Italian, Pasta, Western",4.6,30 mins,0.9 km,,False,https://food-cms.grab.com/compressed_webp/merchants/4-C3JTGTBXJAXXR2/hero/5d60888933724a0e971a3986c2baa767_1651051420887155295.webp
248,Fish Soup Paradise - Raffles Place,"Porridge, Chinese, Local & Malaysian",3.9,35 mins,  2 km,,False,https://food-cms.grab.com/compressed_webp/merchants/4-C2EVEBLHCXMJNJ/hero/1950c07d24d643699d14257d97865ae0_1611895117242343351.webp
249,Fun Wan - CIMB Plaza,"Chinese, Vegetarian Friendly, Local & Malaysian, Drinks & Beverages",4.8,35 mins,  2 km,,False,https://food-cms.grab.com/compressed_webp/merchants/4-C4NEA2WHT6VXAA/hero/733cc462-f3f5-4912-bfd9-aa128e2ceea7__store_cover__2023__11__03__09__18__51.webp
250,Ha Jun Korean - CIMB Plaza,"Japanese, Korean, Bento",4.6,30 mins,  2 km,,False,https://food-cms.grab.com/compressed_webp/merchants/4-C6B1MFC2T8JCV6/hero/40d8f19b82a44205875f2c5c2c1e5999_1704182340701550637.webp
251,Dungeon by II Fiore - Raffles Place,"Chinese, Pizza, Pasta",4.3,35 mins,  2 km,,False,https://food-cms.grab.com/compressed_webp/merchants/4-CY5WJUTKJ24BNT/hero/d94dabe22bf148d68185d3104d206e81_1578644097066530530.webp
252,Adam Road Mee Soto - Oxley @ Raffles,"Local & Malaysian, Drinks & Beverages, Noodles",4.5,35 mins,  2 km,,False,https://food-cms.grab.com/compressed_webp/merchants/4-C3VKNTDUFBXATX/hero/78d88e9d0a4445f196ce4a79ae891c34_1666933002306927925.webp
253,Kotobuki Japanese Restaurant - One Raffles Place,"Bento, Japanese, Sushi, Group Friendly",2.6,30 mins,1.8 km,,False,https://food-cms.grab.com/compressed_webp/merchants/4-C2UEME3ART53C6/hero/97e89f7c44294f6ea1ffd99136de343a_1622517331108045455.webp
254,Hennessy Duck - North Bridge Road,"Local & Malaysian, Noodles, Fried Chicken",3.5,25 mins,0.6 km,,True,https://food-cms.grab.com/compressed_webp/merchants/4-C33YV6JWRJBYCT/hero/3b9db62a-e393-48b0-9c33-13bca6933687__store_cover__2023__12__14__07__25__11.webp
255,Paradise Dynasty - Funan,"Chinese, Noodles, Rice",4.6,30 mins,0.9 km,20%Off!,True,https://food-cms.grab.com/compressed_webp/merchants/4-CYUTT6CDRUXXL6/hero/f38e1fa2989d430490e2d986bec50e54_1577068392228060023.webp
256,Paninoteca by d.o.c - South Bridge,"Breakfast & Brunch, Italian, Western",,30 mins,1.2 km,,False,https://food-cms.grab.com/compressed_webp/merchants/4-C4B1R35FNF3AJA/list/71eca09e-6ce1-4a70-9ea5-1e492c527a47__listing_photo__2023__05__12__00__41__51.webp
257,espresso.doc - Chan Brother @ 68,"Pizza, Sandwiches, Breakfast, Coffee, Juice",4.4,30 mins,1.2 km,,False,https://food-cms.grab.com/compressed_webp/merchants/4-C3LFA2NHGJ2BAN/list/3e50fb87-0793-404d-9294-d40585c73705__listing_photo__2023__05__15__02__11__34.webp
258,umisushi - One Raffles Place,"Japanese, Bento, Sushi, Group Friendly",4.2,35 mins,1.8 km,,False,https://food-cms.grab.com/compressed_webp/merchants/4-CYUWR4KCVBLYGN/list/0ffa810aa0e04a25aa6fd1f8b265d2e2_1589252418004011945.webp
259,Eventasty Noodle Bar 一碗田拉面 - Funan,"Local & Malaysian, Chinese, Noodles, BBQ & Grill",4.4,25 mins,0.6 km,,False,https://food-cms.grab.com/compressed_webp/merchants/4-CYXVJA6WAB3TAJ/list/46bebd4851864e099629f0283243d8b8_1604478165385456884.webp
260,Kopifellas - Change Alley Mall,"Chinese, Coffee & Tea, Drinks & Beverages, Dim Sum",4.9,30 mins,  2 km,,False,https://food-cms.grab.com/compressed_webp/merchants/4-C2XWJRCGEJKBGN/list/a895074f561e47c6b6a3f538066fb2f2_1629352925540048641.webp
261,Tiong Bahru Bakery - Funan,"Drinks & Beverages, Bakery & Cake, Dessert, Coffee & Tea, French",4.4,30 mins,0.9 km,Free Delivery (Min. spend S$35) with GrabUnlimited,True,https://food-cms.grab.com/compressed_webp/merchants/4-CY6XVVMJBE5FRE/list/74f3f7c7ab354fc885f83384cbaaa0c4_1669706004025301817.webp
262,Go Rogue - North Canal Road,"Japanese, Salad, Rice Bowls",4.6,30 mins,1.6 km,,False,https://food-cms.grab.com/compressed_webp/merchants/4-C2TJDECDJJEWVT/list/05da19495ee44a2e85498f57035a0975_1714889182689452027.webp
263,Nasty Cookie Factory - Funan,"Bakery & Cake, Snacks, Group Friendly",4.5,20 mins,0.9 km,,False,https://food-cms.grab.com/compressed_webp/merchants/4-CY5ERECHCEEKNE/list/02c0e49060f7453c8a9308b9e6203d1e_1618301761763394500.webp
264,Gin Khao - One Raffles Place,"Thai, Noodles",3.6,30 mins,1.8 km,,False,https://food-cms.grab.com/compressed_webp/merchants/SGDD00526/list/5260c21221f54ee0b9a506bc02aaa267_1657362446912841394.webp
265,Flavours by Saute - Funan,"Ramen, Halal, Healthy, Noodles, Vegan",4.6,30 mins,0.9 km,,False,https://food-cms.grab.com/compressed_webp/merchants/4-CZDWLYEBLF2XGT/list/e6bdb838e21c419c8af08938fafc4754_1587709848144580329.webp
266,Komala's - Change Alley Mall,"Indian, Vegetarian Friendly",4.5,40 mins,  2 km,,False,https://food-cms.grab.com/compressed_webp/merchants/4-C2KFCVE1NZJXL6/list/13d672d4553f43aeb3176d55853e8669_1612514897812626922.webp
267,Tip Top Curry Puff - One Raffles Place,"Drinks & Beverages, Snack, Noodles, Group Friendly",4.6,35 mins,1.9 km,,False,https://food-cms.grab.com/compressed_webp/merchants/4-CYMFLRLTRA2WGX/list/812be62add2e4796aaa8ec5b76f7ecbf_1566539720222789438.webp
268,Joah Korean Restaurant - One Raffles Place,"Frozen Food, Korean",4.6,40 mins,1.8 km,,False,https://food-cms.grab.com/compressed_webp/merchants/4-C2TWVLLTCK2BGX/list/a00b957a8662490ba4c6d2513b47306d_1621419165324886649.webp
269,Greendot - Raffles Place,"Healthy, Noodles, Vegan",4.4,35 mins,1.8 km,Free Delivery (Min. spend S$30) with GrabUnlimited,True,https://food-cms.grab.com/compressed_webp/merchants/SGDD05316/list/afe16dde5c85427a8db4c229926804e6_1624240852618369813.webp
270,The Soup Spoon - Raffles Xchange,"Soup, Western, Vegetarian Friendly, Healthy, Halal",4.4,35 mins,1.6 km,25% off storewide with GrabUnlimited. T&C apply.,True,https://food-cms.grab.com/compressed_webp/merchants/SGDD11568/list/ebd8ec88f9c94ad297ffdb49f160e81d_1650440313440882461.webp
271,Twelve Cupcakes - One Raffles Place,"Mart, Snacks, Dessert",4.3,25 mins,1.9 km,Free Delivery (Min. spend S$35) with GrabUnlimited,True,https://food-cms.grab.com/compressed_webp/merchants/4-CYN1J3LAAUTVHE/list/a375e36de5804d0f895ecabcef76feea_1559875284890296428.webp
272,Upshot Coffee - One Raffles Place,"Coffee & Tea, Drinks & Beverages, Western",4.5,30 mins,1.8 km,,False,https://food-cms.grab.com/compressed_webp/merchants/4-C3BUR2NCFEBJA6/list/62bd52ead99a4089af8b4198cac9abb0_1645686953884201405.webp
273,Pasta E Formaggio - Collyer Quay Centre,Italian,3.7,30 mins,2.1 km,,True,https://food-cms.grab.com/compressed_webp/merchants/4-C2LCJP6XFFUTTT/list/de633e6d850b4f5eae13c306d3931905_1614243794423256972.webp
274,Xiang Gua Li La - North Bridge Road,"Seafood, Chinese",,30 mins,0.9 km,,False,https://food-cms.grab.com/compressed_webp/merchants/4-C34TN7DGA6MBVN/list/5d1209c5753d436a8978c165c88629ae_1675130456439102168.webp
275,Chop Kin Mee - 15 Philip Street,"Noodles, Thai",4.3,30 mins,2.7 km,,False,https://food-cms.grab.com/compressed_webp/merchants/4-C3EGDBAGC62BMA/list/e23748408e134131a2af8bb38f75c424_1648618406317038172.webp
276,Afuri - Funan,"Ramen, Noodles, Japanese",4.1,30 mins,  1 km,,False,https://food-cms.grab.com/compressed_webp/merchants/4-CZJBFCJZNUVWT2/list/0ed29d9108ae41eda0f4819fc6aee6ff_1590138943466037308.webp
